timestamp,machine_id,plant,machine_type,failure_probability
2026-04-19 12:00:00,M-038,Plant_D,CNC,0.9242453151418056
2025-05-25 00:00:00,M-076,Plant_B,Lathe,0.9063828127136947
2025-07-25 12:00:00,M-025,Plant_D,Compressor,0.8952097248428511
2025-08-28 12:00:00,M-059,Plant_C,Press,0.8834892583375462
2025-05-02 00:00:00,M-022,Plant_B,CNC,0.8794447952928098
2025-09-02 12:00:00,M-026,Plant_C,Compressor,0.8772485673255601
2025-03-06 12:00:00,M-021,Plant_C,Compressor,0.870929224014683
2026-05-02 12:00:00,M-020,Plant_B,CNC,0.8668101364928987
2026-04-21 12:00:00,M-063,Plant_B,Press,0.865220067739803
2025-12-21 12:00:00,M-021,Plant_C,Compressor,0.8632564507274041
2025-03-02 00:00:00,M-021,Plant_C,Compressor,0.858964909441491
2025-02-21 12:00:00,M-007,Plant_A,CNC,0.85571298026182
2026-02-04 00:00:00,M-020,Plant_B,CNC,0.8541692809181587
2026-02-23 12:00:00,M-025,Plant_D,Compressor,0.8533105660517236
2026-05-02 12:00:00,M-072,Plant_A,Press,0.8531602233042205
2025-09-12 00:00:00,M-007,Plant_A,CNC,0.848574568658886
2025-02-01 00:00:00,M-052,Plant_A,Lathe,0.8484919017370806
2025-11-13 00:00:00,M-038,Plant_D,CNC,0.8407297094054226
2026-04-27 00:00:00,M-059,Plant_C,Press,0.8360672380918742
2026-04-09 00:00:00,M-031,Plant_B,Press,0.8358295178978821
