machine_id,plant,machine_type,machine_age_years,rated_load_pct
M-001,Plant_A,Compressor,10.3,59.3
M-002,Plant_D,Press,6.7,91.6
M-003,Plant_C,CNC,12.4,64.2
M-004,Plant_B,Compressor,3.3,56.5
M-005,Plant_B,Lathe,1.3,77.2
M-006,Plant_D,Lathe,2.3,69.8
M-007,Plant_A,CNC,11.1,88.2
M-008,Plant_C,Press,7.5,87.3
M-009,Plant_A,Compressor,3.3,67.7
M-010,Plant_A,Compressor,8.0,93.1
M-011,Plant_C,Press,3.1,66.6
M-012,Plant_D,Compressor,10.7,75.6
M-013,Plant_C,Compressor,7.2,65.2
M-014,Plant_D,Press,6.3,92.4
M-015,Plant_C,Compressor,5.2,61.6
M-016,Plant_D,Press,9.8,56.8
M-017,Plant_C,CNC,6.1,72.4
M-018,Plant_A,Lathe,2.2,94.7
M-019,Plant_D,Lathe,2.7,90.7
M-020,Plant_B,CNC,14.5,84.9
M-021,Plant_C,Compressor,13.7,90.6
M-022,Plant_B,CNC,10.8,90.7
M-023,Plant_A,Compressor,4.7,75.8
M-024,Plant_D,CNC,14.6,67.6
M-025,Plant_D,Compressor,11.9,85.9
M-026,Plant_C,Compressor,11.0,81.5
M-027,Plant_B,Compressor,7.3,69.9
M-028,Plant_D,Lathe,4.8,58.8
M-029,Plant_C,Press,2.3,84.9
M-030,Plant_B,Lathe,13.6,65.5
M-031,Plant_B,Press,7.4,92.5
M-032,Plant_A,Compressor,3.8,64.6
M-033,Plant_A,Lathe,5.3,59.9
M-034,Plant_C,Press,9.1,88.2
M-035,Plant_D,Lathe,3.5,61.1
M-036,Plant_A,Lathe,13.0,62.2
M-037,Plant_D,CNC,11.6,79.0
M-038,Plant_D,CNC,11.1,90.0
M-039,Plant_B,CNC,7.0,62.9
M-040,Plant_C,CNC,9.8,67.4
M-041,Plant_A,Press,9.2,86.1
M-042,Plant_D,Lathe,10.1,93.9
M-043,Plant_C,Lathe,2.2,75.0
M-044,Plant_B,Press,6.8,60.8
M-045,Plant_A,Compressor,1.6,55.6
M-046,Plant_D,Lathe,7.9,64.2
M-047,Plant_B,CNC,5.6,60.3
M-048,Plant_D,Compressor,3.0,82.1
M-049,Plant_C,Lathe,2.4,59.9
M-050,Plant_D,Lathe,9.2,75.3
M-051,Plant_D,Lathe,3.4,82.8
M-052,Plant_A,Lathe,14.0,78.2
M-053,Plant_B,CNC,9.1,63.0
M-054,Plant_B,Lathe,5.9,87.2
M-055,Plant_B,Compressor,9.3,83.6
M-056,Plant_A,Press,1.3,84.6
M-057,Plant_C,Lathe,14.4,60.2
M-058,Plant_A,CNC,7.8,60.0
M-059,Plant_C,Press,12.0,92.1
M-060,Plant_C,Press,2.2,70.9
M-061,Plant_D,Compressor,7.8,67.0
M-062,Plant_C,CNC,7.9,74.5
M-063,Plant_B,Press,14.1,81.5
M-064,Plant_D,Press,9.0,93.2
M-065,Plant_B,Compressor,7.6,66.5
M-066,Plant_B,Compressor,4.7,92.0
M-067,Plant_D,CNC,5.6,56.0
M-068,Plant_B,CNC,8.3,77.2
M-069,Plant_A,Compressor,7.1,80.4
M-070,Plant_B,CNC,1.3,59.2
M-071,Plant_D,Compressor,12.6,60.6
M-072,Plant_A,Press,13.5,71.8
M-073,Plant_B,Compressor,3.0,93.6
M-074,Plant_A,Press,8.8,78.8
M-075,Plant_C,Press,2.5,92.3
M-076,Plant_B,Lathe,10.4,87.2
M-077,Plant_B,CNC,4.9,73.7
M-078,Plant_A,Lathe,10.2,86.4
M-079,Plant_C,Lathe,11.2,55.7
M-080,Plant_C,Compressor,11.8,59.4
