machine_id,maintenance_date,maintenance_type,maintenance_duration_hr
M-001,2026-01-05,Corrective,1.26
M-001,2025-12-08,Preventive,5.29
M-001,2025-03-24,Preventive,1.19
M-001,2024-11-11,Corrective,0.53
M-001,2025-11-10,Corrective,4.42
M-001,2024-12-16,Preventive,2.23
M-001,2024-06-03,Inspection,6.93
M-001,2024-03-25,Inspection,1.59
M-002,2024-11-04,Preventive,2.76
M-002,2024-09-30,Inspection,2.07
M-002,2025-07-21,Inspection,2.9
M-002,2024-10-28,Inspection,5.53
M-002,2026-05-25,Corrective,4.36
M-002,2024-05-13,Inspection,2.21
M-002,2026-04-20,Inspection,4.15
M-002,2024-08-19,Preventive,4.33
M-003,2025-11-24,Preventive,5.96
M-003,2025-01-06,Inspection,1.07
M-003,2026-01-12,Preventive,5.07
M-004,2024-07-15,Corrective,3.04
M-004,2024-05-06,Corrective,3.66
M-004,2024-06-24,Inspection,4.46
M-004,2025-07-21,Inspection,4.72
M-005,2026-01-05,Preventive,7.96
M-005,2025-08-04,Inspection,3.63
M-005,2026-05-11,Inspection,2.76
M-005,2024-07-08,Inspection,5.91
M-005,2024-07-22,Corrective,5.42
M-006,2025-08-18,Corrective,0.54
M-006,2025-10-13,Inspection,2.12
M-006,2025-03-10,Corrective,7.59
M-006,2025-06-30,Preventive,4.3
M-006,2025-10-20,Inspection,3.53
M-006,2026-04-20,Corrective,3.89
M-006,2024-11-04,Preventive,7.72
M-007,2026-03-02,Inspection,2.0
M-007,2024-12-23,Corrective,2.8
M-007,2024-04-22,Preventive,6.84
M-007,2024-07-08,Inspection,4.48
M-007,2026-03-09,Inspection,6.65
M-007,2024-09-16,Preventive,3.42
M-007,2026-07-13,Inspection,6.36
M-007,2024-11-18,Inspection,4.27
M-008,2025-12-08,Corrective,1.1
M-008,2024-02-05,Corrective,5.39
M-008,2024-04-22,Corrective,5.11
M-009,2025-08-11,Corrective,1.21
M-009,2026-04-13,Inspection,4.61
M-009,2024-02-19,Corrective,2.81
M-009,2024-12-02,Corrective,0.85
M-009,2024-03-25,Inspection,3.9
M-009,2026-07-13,Preventive,5.69
M-009,2025-12-01,Corrective,1.86
M-009,2026-03-30,Inspection,6.93
M-010,2026-07-06,Inspection,5.85
M-010,2024-09-23,Corrective,4.85
M-010,2024-04-22,Preventive,7.95
M-010,2025-06-23,Corrective,2.68
M-010,2024-12-16,Inspection,7.27
M-010,2024-08-05,Corrective,2.67
M-010,2026-03-30,Preventive,2.82
M-011,2026-01-05,Preventive,5.16
M-011,2025-08-18,Inspection,5.52
M-011,2024-01-01,Corrective,5.53
M-012,2024-12-02,Inspection,4.05
M-012,2024-09-23,Corrective,1.02
M-012,2026-07-06,Inspection,7.52
M-012,2024-10-14,Preventive,1.01
M-013,2024-01-08,Preventive,3.06
M-013,2026-08-31,Corrective,5.37
M-013,2025-12-29,Corrective,0.69
M-013,2025-07-14,Preventive,0.51
M-013,2025-10-06,Inspection,3.21
M-014,2024-02-12,Corrective,5.74
M-014,2026-01-12,Corrective,0.56
M-014,2026-06-29,Corrective,5.24
M-014,2024-01-22,Corrective,6.3
M-015,2024-05-20,Corrective,1.82
M-015,2025-03-10,Preventive,6.03
M-015,2024-06-24,Inspection,4.17
M-015,2025-12-01,Preventive,1.75
M-016,2025-03-31,Inspection,6.05
M-016,2025-04-21,Corrective,5.55
M-016,2024-10-07,Inspection,5.08
M-016,2026-01-12,Preventive,1.98
M-017,2026-03-16,Inspection,4.15
M-017,2026-01-19,Inspection,5.33
M-017,2026-04-20,Inspection,2.28
M-017,2026-07-27,Inspection,3.9
M-017,2025-06-02,Preventive,6.4
M-018,2024-11-11,Corrective,5.72
M-018,2024-08-19,Corrective,2.64
M-019,2025-08-25,Corrective,6.96
M-019,2026-06-01,Preventive,4.44
M-019,2025-03-10,Inspection,5.26
M-019,2024-06-17,Inspection,0.62
M-019,2024-08-19,Corrective,6.93
M-019,2024-02-12,Inspection,5.26
M-019,2024-03-25,Corrective,3.9
M-019,2025-09-15,Corrective,4.12
M-020,2024-07-22,Inspection,2.29
M-020,2025-04-28,Inspection,2.9
M-020,2024-02-26,Inspection,4.59
M-020,2024-06-17,Preventive,5.13
M-020,2024-11-18,Inspection,7.64
M-020,2025-12-22,Corrective,7.97
M-020,2024-12-23,Preventive,6.54
M-021,2025-11-17,Preventive,5.07
M-021,2024-12-09,Corrective,0.53
M-021,2026-03-09,Inspection,4.33
M-021,2025-07-07,Corrective,6.44
M-021,2025-12-01,Corrective,0.79
M-021,2025-12-22,Preventive,5.15
M-021,2024-12-02,Preventive,4.94
M-022,2025-02-10,Preventive,0.59
M-022,2026-02-16,Inspection,4.15
M-022,2026-01-05,Preventive,4.99
M-022,2026-07-06,Preventive,6.49
M-022,2025-07-07,Inspection,1.73
M-022,2025-07-14,Preventive,3.07
M-022,2024-11-04,Inspection,3.37
M-023,2025-05-12,Corrective,3.93
M-023,2026-07-13,Preventive,2.59
M-023,2026-02-23,Preventive,5.86
M-024,2026-05-18,Preventive,7.2
M-024,2026-03-02,Corrective,6.88
M-024,2025-08-18,Corrective,2.52
M-025,2024-11-18,Inspection,5.99
M-025,2026-07-13,Inspection,1.93
M-025,2026-02-02,Inspection,3.12
M-025,2025-06-09,Inspection,6.11
M-025,2025-11-24,Corrective,5.87
M-025,2026-02-16,Preventive,6.41
M-025,2025-10-13,Inspection,4.97
M-025,2025-09-01,Corrective,5.27
M-026,2026-05-18,Corrective,7.22
M-026,2026-03-23,Inspection,3.19
M-027,2024-07-15,Preventive,3.74
M-027,2025-09-08,Corrective,3.79
M-027,2024-08-19,Corrective,6.91
M-027,2025-03-10,Inspection,1.12
M-027,2025-12-01,Corrective,7.94
M-027,2024-12-23,Preventive,5.45
M-027,2025-11-03,Inspection,6.17
M-027,2025-05-26,Preventive,6.24
M-028,2024-07-22,Corrective,1.83
M-028,2025-02-24,Preventive,2.34
M-029,2026-06-29,Inspection,2.2
M-029,2024-08-26,Corrective,2.91
M-029,2024-04-08,Inspection,1.28
M-029,2025-04-07,Inspection,1.05
M-029,2026-06-01,Preventive,4.02
M-029,2025-12-01,Inspection,7.15
M-029,2025-01-20,Preventive,4.38
M-030,2025-07-28,Corrective,2.75
M-030,2025-03-17,Preventive,1.31
M-030,2024-08-12,Corrective,7.54
M-031,2026-05-25,Preventive,6.93
M-031,2025-10-06,Inspection,1.58
M-031,2026-03-02,Corrective,6.54
M-032,2024-02-26,Corrective,1.06
M-032,2026-03-09,Corrective,7.93
M-032,2025-01-13,Corrective,2.41
M-032,2025-01-20,Preventive,2.27
M-032,2026-05-25,Corrective,6.23
M-033,2024-02-19,Inspection,7.36
M-033,2025-09-22,Corrective,2.13
M-033,2025-12-29,Corrective,2.58
M-033,2026-05-25,Corrective,2.92
M-033,2025-03-03,Corrective,0.66
M-033,2026-06-22,Corrective,5.1
M-033,2024-03-11,Corrective,7.28
M-033,2024-08-26,Preventive,3.09
M-034,2025-02-10,Preventive,2.89
M-034,2026-07-13,Inspection,4.29
M-034,2025-07-21,Inspection,4.49
M-034,2025-05-05,Inspection,4.83
M-034,2024-07-08,Inspection,1.02
M-035,2024-02-19,Inspection,4.54
M-035,2024-10-28,Corrective,5.78
M-035,2025-06-09,Corrective,1.55
M-035,2026-06-01,Corrective,1.17
M-035,2025-09-08,Preventive,7.42
M-035,2026-01-26,Corrective,4.68
M-036,2026-01-12,Corrective,1.37
M-036,2024-12-09,Corrective,6.03
M-036,2026-06-08,Preventive,6.46
M-037,2024-07-15,Corrective,5.79
M-037,2024-11-04,Inspection,3.24
M-037,2025-02-24,Preventive,0.82
M-037,2024-04-15,Preventive,7.96
M-037,2024-06-10,Corrective,3.72
M-037,2025-06-30,Preventive,1.45
M-038,2024-12-30,Corrective,1.64
M-038,2026-05-04,Preventive,5.11
M-038,2025-04-07,Preventive,4.25
M-038,2024-11-11,Inspection,2.7
M-038,2024-07-22,Preventive,3.44
M-038,2026-04-20,Corrective,3.43
M-038,2024-09-09,Corrective,3.4
M-038,2025-04-14,Corrective,6.99
M-039,2025-03-24,Preventive,3.68
M-039,2025-08-18,Inspection,5.0
M-040,2025-08-11,Preventive,2.79
M-040,2025-09-22,Preventive,3.91
M-040,2026-08-10,Preventive,3.72
M-040,2024-07-01,Inspection,1.75
M-041,2024-11-11,Corrective,5.87
M-041,2024-10-21,Preventive,7.61
M-041,2025-08-18,Preventive,7.98
M-041,2026-07-20,Preventive,2.75
M-041,2026-06-15,Inspection,5.48
M-041,2024-04-15,Inspection,7.03
M-041,2025-01-06,Preventive,4.37
M-042,2025-04-21,Preventive,7.03
M-042,2024-06-17,Inspection,4.4
M-043,2025-03-24,Preventive,3.41
M-043,2025-01-27,Preventive,0.92
M-043,2024-01-08,Preventive,6.29
M-043,2026-03-09,Corrective,1.98
M-043,2025-10-27,Preventive,0.77
M-043,2026-01-19,Corrective,7.23
M-043,2025-12-15,Preventive,4.43
M-044,2025-10-27,Preventive,5.21
M-044,2024-02-05,Inspection,5.89
M-044,2025-08-25,Preventive,1.03
M-044,2024-10-07,Corrective,4.0
M-044,2025-08-18,Preventive,7.96
M-044,2024-04-08,Corrective,5.09
M-044,2026-03-30,Preventive,4.39
M-045,2025-06-16,Inspection,3.36
M-045,2024-08-26,Preventive,2.78
M-045,2026-02-23,Preventive,7.48
M-045,2024-06-24,Inspection,5.23
M-045,2024-09-30,Corrective,3.43
M-045,2024-02-19,Corrective,0.59
M-045,2026-07-20,Corrective,1.61
M-046,2025-04-21,Preventive,1.14
M-046,2024-09-23,Inspection,2.37
M-046,2024-04-22,Corrective,1.59
M-047,2024-05-13,Preventive,5.21
M-047,2024-09-02,Inspection,7.31
M-047,2025-10-13,Preventive,5.25
M-047,2025-06-09,Corrective,3.59
M-047,2025-06-30,Preventive,2.99
M-048,2026-02-16,Inspection,6.98
M-048,2025-11-24,Corrective,1.03
M-048,2024-12-30,Corrective,3.71
M-048,2024-05-20,Corrective,7.89
M-049,2025-01-13,Inspection,5.92
M-049,2026-02-16,Corrective,2.17
M-049,2025-12-01,Preventive,0.6
M-049,2025-10-27,Inspection,7.07
M-050,2025-04-28,Preventive,7.38
M-050,2025-08-04,Inspection,5.62
M-050,2025-09-01,Inspection,2.34
M-050,2024-05-20,Inspection,6.24
M-050,2025-11-17,Inspection,5.55
M-051,2024-07-29,Preventive,5.73
M-051,2025-05-05,Corrective,4.46
M-051,2026-03-16,Corrective,1.14
M-051,2026-03-23,Corrective,1.45
M-051,2024-04-01,Inspection,0.68
M-052,2026-04-06,Corrective,4.02
M-052,2025-11-10,Corrective,2.02
M-052,2026-05-11,Corrective,5.91
M-052,2025-01-27,Inspection,4.3
M-052,2024-02-19,Preventive,1.77
M-052,2026-01-05,Preventive,1.57
M-052,2024-07-22,Preventive,7.02
M-053,2024-05-27,Corrective,5.48
M-053,2024-06-10,Inspection,4.49
M-053,2024-05-13,Inspection,0.8
M-053,2024-09-23,Corrective,7.63
M-053,2026-06-01,Inspection,2.57
M-054,2024-07-08,Inspection,2.16
M-054,2026-01-19,Inspection,5.42
M-054,2024-05-13,Corrective,6.23
M-054,2025-06-09,Corrective,0.8
M-054,2025-08-11,Inspection,2.02
M-054,2024-09-30,Corrective,1.66
M-054,2024-05-20,Preventive,3.91
M-054,2025-07-14,Inspection,3.87
M-055,2025-10-27,Corrective,1.91
M-055,2024-11-04,Preventive,5.56
M-055,2024-05-06,Corrective,3.25
M-055,2024-01-08,Preventive,4.5
M-055,2025-09-15,Inspection,4.01
M-055,2024-12-23,Corrective,3.97
M-055,2026-08-03,Inspection,3.61
M-055,2026-03-23,Preventive,3.22
M-056,2026-04-06,Preventive,4.91
M-056,2025-01-20,Inspection,2.18
M-057,2025-06-23,Corrective,5.68
M-057,2025-09-29,Preventive,1.16
M-057,2025-12-08,Preventive,4.17
M-058,2024-03-25,Preventive,3.86
M-058,2026-04-27,Corrective,7.59
M-058,2025-05-19,Corrective,7.1
M-059,2025-07-14,Corrective,1.65
M-059,2026-02-23,Corrective,7.41
M-060,2026-08-17,Corrective,3.96
M-060,2024-08-12,Inspection,2.11
M-060,2025-12-08,Corrective,3.71
M-061,2026-06-22,Preventive,1.79
M-061,2024-08-12,Corrective,5.16
M-061,2026-06-08,Corrective,7.23
M-061,2026-08-24,Inspection,7.44
M-061,2024-01-08,Inspection,4.57
M-062,2025-04-28,Preventive,1.65
M-062,2024-08-12,Corrective,1.86
M-062,2024-09-09,Preventive,1.92
M-063,2026-04-27,Corrective,6.37
M-063,2025-06-23,Preventive,3.67
M-063,2024-03-11,Preventive,2.92
M-064,2024-10-21,Corrective,4.39
M-064,2025-06-16,Preventive,0.91
M-064,2024-07-01,Inspection,1.04
M-064,2025-04-21,Preventive,2.18
M-064,2024-12-30,Corrective,3.31
M-064,2024-09-02,Inspection,4.94
M-064,2024-12-16,Preventive,5.54
M-065,2026-02-09,Preventive,7.51
M-065,2024-11-18,Corrective,5.95
M-066,2025-05-12,Preventive,7.36
M-066,2026-07-13,Inspection,7.62
M-066,2025-09-22,Preventive,7.74
M-066,2024-07-15,Corrective,7.34
M-066,2026-08-24,Inspection,5.28
M-067,2025-07-07,Preventive,2.73
M-067,2024-06-17,Inspection,0.58
M-068,2024-08-12,Inspection,3.86
M-068,2026-05-25,Preventive,6.9
M-068,2026-01-12,Preventive,1.35
M-068,2026-07-20,Preventive,5.86
M-068,2024-01-29,Inspection,4.28
M-069,2026-05-04,Preventive,1.72
M-069,2024-03-25,Corrective,5.5
M-069,2025-06-02,Corrective,6.58
M-069,2026-01-12,Corrective,3.87
M-069,2026-08-31,Corrective,6.77
M-069,2026-02-02,Preventive,5.68
M-069,2024-01-15,Corrective,4.46
M-069,2025-02-03,Inspection,7.07
M-070,2025-01-27,Corrective,6.56
M-070,2026-07-13,Preventive,3.14
M-070,2024-08-05,Inspection,1.09
M-071,2025-09-08,Inspection,2.66
M-071,2026-04-06,Preventive,2.35
M-072,2024-07-22,Inspection,2.12
M-072,2026-01-05,Inspection,0.74
M-073,2025-07-28,Corrective,4.76
M-073,2025-07-21,Inspection,4.05
M-073,2024-12-30,Inspection,6.95
M-074,2025-08-18,Inspection,0.5
M-074,2026-08-10,Preventive,2.43
M-074,2024-03-18,Corrective,6.66
M-074,2025-07-21,Corrective,5.32
M-074,2025-12-22,Preventive,3.92
M-074,2026-02-09,Inspection,3.43
M-074,2026-05-25,Inspection,2.14
M-074,2025-11-17,Preventive,6.02
M-075,2024-08-19,Corrective,5.78
M-075,2024-05-27,Preventive,4.3
M-075,2024-03-18,Preventive,5.62
M-075,2025-01-27,Inspection,0.53
M-076,2024-08-26,Preventive,3.51
M-076,2025-11-03,Preventive,4.64
M-076,2025-04-14,Corrective,2.3
M-076,2025-03-24,Inspection,5.5
M-076,2024-07-08,Preventive,5.85
M-076,2024-05-13,Preventive,0.59
M-076,2025-05-05,Inspection,1.72
M-076,2025-04-07,Corrective,1.85
M-077,2025-06-16,Preventive,4.57
M-077,2024-12-23,Preventive,6.91
M-077,2025-03-31,Preventive,2.92
M-077,2024-07-22,Corrective,4.64
M-077,2024-02-19,Preventive,4.59
M-078,2025-02-24,Inspection,6.86
M-078,2024-11-11,Preventive,1.11
M-079,2024-12-23,Corrective,5.21
M-079,2025-10-06,Corrective,7.52
M-079,2025-01-13,Corrective,3.57
M-080,2024-09-02,Corrective,1.97
M-080,2024-10-21,Corrective,3.65
M-080,2024-03-11,Inspection,7.93
M-080,2025-03-31,Corrective,3.98
M-080,2025-08-04,Preventive,7.35
M-080,2025-05-05,Inspection,5.22
M-080,2025-10-20,Preventive,5.06
M-080,2024-10-07,Preventive,3.51
